chapter,position,name,type,link
1,1,Himmel,Debut,
1,2,Frieren,Debut,
1,3,Eisen,Debut,
1,4,Heiter,Debut,
1,5,Demon King,Mentioned,
1,6,The King,,List of Characters/Minor#Unnamed Characters
1,7,Magic store owner,,List of Characters/Minor#Beyond Journey's End Arc
1,8,Gossiping ladies,,List of Characters/Minor#Beyond Journey's End Arc
2,1,Frieren,,
2,2,Fern,Debut,
2,3,Heiter,,
2,4,Goddess of Creation,Mentioned,
2,5,Ewig the Sage,Mentioned,
2,6,Fern's parents,Pictured,List of Characters/Minor#Unnamed Characters
2,7,Himmel,Flashback,
2,8,Eisen,Flashback,
3,1,Fern,,
3,2,Frieren,,
3,3,Turk Region farmer,,List of Characters/Minor#Unnamed Characters
3,4,Herbalist,,List of Characters/Minor#Unnamed Characters
3,5,Himmel,Flashback,
3,6,Heiter,Flashback,
3,7,Eisen,Flashback,
4,1,Frieren,,
4,2,Fern,,
4,3,Rough adventurers,,List of Characters/Minor#Unnamed Characters
4,4,Himmel,Flashback,
4,5,Eisen,Flashback,
4,6,Heiter,Flashback,
5,1,Frieren,,
5,2,Fern,,
5,3,Straw hat villager,,List of Characters/Minor#Beyond Journey's End Arc
5,4,Qual,Debut,
5,5,Himmel,Flashback,
5,6,Eisen,Flashback,
5,7,Heiter,Flashback,
6,1,Frieren,,
6,2,Fern,,
6,3,Granz Channel village chief,,List of Characters/Minor#Beyond Journey's End Arc
6,4,Bakery owner,,List of Characters/Minor#Beyond Journey's End Arc
6,5,Himmel,Flashback,
6,6,Eisen,Flashback,
6,7,Heiter,Flashback,
7,1,Heiter,Flashback,
7,2,Himmel,Flashback,
7,3,Eisen,,
7,4,Frieren,,
7,5,Fern,,
7,6,Flamme,Flashback Debut,
8,1,Eisen,,
8,2,Frieren,,
8,3,Fern,,
8,4,Heiter,Flashback,
8,5,Himmel,Flashback,
9,1,Frieren,,
9,2,Fern,,
9,3,Marketeer lady,Debut,List of Characters/Minor#Beyond Journey's End Arc
9,4,Heiter,Flashback,
9,5,Himmel,Phantom,
10,1,Frieren,,
10,2,Fern,,
10,3,Eisen,Flashback,
10,4,Granny and kids,Debut,List of Characters/Minor#Beyond Journey's End Arc
10,5,Stark,Debut,
10,6,Himmel,Flashback,
10,7,Heiter,Flashback,
10,8,Husband and wife,Debut,List of Characters/Minor#Beyond Journey's End Arc
11,1,Fern,,
11,2,Stark,,
11,3,Eisen,Flashback,
11,4,Frieren,,
11,5,Heiter,Flashback,
11,6,Himmel,Flashback,
11,7,Hero of the South,Mentioned,
11,8,Granny and kids,Appears,List of Characters/Minor#Beyond Journey's End Arc
11,9,Husband and wife,Appears,List of Characters/Minor#Beyond Journey's End Arc
12,1,Frieren,,
12,2,Fern,,
12,3,Stark,,
12,4,Captain of the Guard,Debut,List of Characters/Minor#Beyond Journey's End Arc
12,5,Passersby,Debut,List of Characters/Minor#Beyond Journey's End Arc
12,6,Bartender,Debut,List of Characters/Minor#Beyond Journey's End Arc
12,7,Eisen,Flashback,
12,8,Castellan of Waal,Debut,List of Characters/Minor#Beyond Journey's End Arc
12,9,Himmel,Flashback,
12,10,Heiter,Flashback,
13,1,Heiter,Flashback,
13,2,Himmel,Flashback,
13,3,Eisen,Flashback,
13,4,Flamme,Mentioned,
13,5,Frieren,,
13,6,Fern,,
13,7,Stark,,
13,8,Merchant,Debut,List of Characters/Minor#Beyond Journey's End Arc
14,1,Frieren,,
14,2,Fern,,
14,3,Stark,,
14,4,Graf Granat,Debut,
14,5,Lügner,Debut,
14,6,Linie,Cameo,
14,7,Draht,Cameo,
14,8,Jail cell guard,Debut,List of Characters/Minor#Aura the Guillotine Arc
14,9,Demon King,Mentioned,
14,10,Aura,Imagined Debut,
14,11,Himmel,Flashback,
14,12,Heiter,Flashback,
14,13,Eisen,Flashback,
14,14,Young demon girl,Flashback Debut,List of Characters/Minor#Aura the Guillotine Arc
14,15,Bereaved couple,Flashback Debut,List of Characters/Minor#Aura the Guillotine Arc
14,16,Slain village chief,Flashback Debut,List of Characters/Minor#Aura the Guillotine Arc
14,17,Flamme,Mentioned,
15,1,Graf Granat,,
15,2,Lügner,,
15,3,Linie,Debut,
15,4,Draht,Debut,
15,5,Graf Granat's son,Mentioned,List of Characters/Minor#Aura the Guillotine Arc
15,6,The King,Mentioned,List of Characters/Minor#Beyond Journey's End Arc
15,7,Aura,Imagined,
15,8,Jail cell guard,Debut,List of Characters/Minor#Aura the Guillotine Arc
15,9,Frieren,,
16,1,Frieren,,
16,2,Draht,Mentioned,
16,3,Jail cell guard,,List of Characters/Minor#Aura the Guillotine Arc
16,4,Fern,,
16,5,Stark,,
16,6,Eisen,Mentioned,
16,7,Lügner,,
16,8,Linie,,
16,9,Graf Granat,,
16,10,Aura,,
17,1,Fern,,
17,2,Stark,,
17,3,Lügner,,
17,4,Qual,Imagined,
17,5,Graf Granat,,
17,6,Linie,,
17,7,Flamme,Mentioned,
17,8,Graf Granat's son,Mentioned,List of Characters/Minor#Aura the Guillotine Arc
17,9,Frieren,,
17,10,Aura,,
18,1,Graf Granat,,
18,2,Stark,,
18,3,Fern,,
18,4,Church father,Debut,List of Characters/Minor#Aura the Guillotine Arc
18,5,Himmel,Flashback,
18,6,Eisen,Flashback,
18,7,Heiter,Flashback,
18,8,Frieren,,
18,9,Aura,,
18,10,Graf Granat's son,Imagined Debut,List of Characters/Minor#Aura the Guillotine Arc
19,1,Stark,,
19,2,Fern,,
19,3,Graf Granat,,
19,4,Church father,,List of Characters/Minor#Aura the Guillotine Arc
19,5,Linie,,
19,6,Lügner,,
19,7,Jail cell guard,Mentioned,List of Characters/Minor#Aura the Guillotine Arc
19,8,Aura,Mentioned,
19,9,Frieren,Flashback,
20,1,Lügner,,
20,2,Fern,,
20,3,Linie,,
20,4,Stark,,
20,5,Frieren,Mentioned,
20,6,Eisen,Flashback,
20,7,Heiter,Flashback,
21,1,Lügner,,
21,2,Fern,,
21,3,Flamme,Flashback,
21,4,Basalt,Flashback Debut,List of Characters/Minor#Named Characters
21,5,Three demons killed by Flamme,Flashback Debut,List of Characters/Minor#Aura the Guillotine Arc
21,6,Demon King,Mentioned,
21,7,Aura,,
21,8,Frieren,,
22,1,Aura,,
22,2,Frieren,,
22,3,Flamme,Flashback,
22,4,Himmel,Flashback,
22,5,Heiter,Flashback,
22,6,Eisen,Flashback,
22,7,Qual,Flashback,
22,8,Demon King,Flashback Debut,
23,1,Frieren,,
23,2,Fern,,
23,3,Stark,,
23,4,Graf Granat,,
23,5,Aura,Flashback,
23,6,Lügner,Mentioned,
23,7,Linie,Mentioned,
23,8,Graf Granat's son,,List of Characters/Minor#Aura the Guillotine Arc
23,9,Flamme,Mentioned,
23,10,Heiter,Mentioned,
23,11,Himmel,Flashback,
23,12,Eisen,Flashback,
23,13,The King,Mentioned,List of Characters/Minor#Beyond Journey's End Arc
23,14,Gardener,Debut,List of Characters/Minor#Beyond Journey's End Arc
23,15,Church father,,List of Characters/Minor#Aura the Guillotine Arc
24,1,Frieren,,
24,2,Fern,,
24,3,Stark,,
24,4,Kraft,Debut,
24,5,Goddess of Creation,Imagined Debut,
24,6,Himmel,Flashback,
24,7,Eisen,Flashback,
24,8,Heiter,Flashback,
25,1,Himmel,Flashback,
25,2,Heiter,Flashback,
25,3,Eisen,Flashback,
25,4,The King,Flashback,List of Characters/Minor#Beyond Journey's End Arc
25,5,Demon King,Mentioned,
25,6,Frieren,,
25,7,Fern,,
25,8,Stark,,
25,9,49th village chief,Debut,List of Characters/Minor#Travels to Äußerst Arc
25,10,Goddess of Creation,Mentioned,
25,11,47th village chief,Flashback Debut,List of Characters/Minor#Travels to Äußerst Arc
26,1,Frieren,,
26,2,Fern,,
26,3,Stark,,
26,4,Flamme,Mentioned,
26,5,Merchant lady,Debut,List of Characters/Minor#Travels to Äußerst Arc
26,6,Kids,Debut,List of Characters/Minor#Travels to Äußerst Arc
26,7,Kid with cat,Debut,List of Characters/Minor#Travels to Äußerst Arc
26,8,Cattle breeder,Debut,List of Characters/Minor#Travels to Äußerst Arc
26,9,Stark's father,Flashback Debut,List of Characters/Minor#Travels to Äußerst Arc
26,10,Stoltz,Flashback Debut,
26,11,Rivale,Cameo,
26,12,Eisen,Flashback,
26,13,Himmel,Flashback,
26,14,Heiter,Flashback,
27,1,Sein,Debut,
27,2,Frieren,,
27,3,Gorilla,Flashback Cameo,Kreis
27,4,Fern,,
27,5,Stark,,
27,6,Sein's Brother,Debut,List of Characters/Minor#Travels to Äußerst Arc
27,7,Heiter,Flashback,
27,8,Eisen,Flashback,
27,9,Himmel,Flashback,
27,10,Demon King,Mentioned,
28,1,Fern,,
28,2,Stark,,
28,3,Frieren,,
28,4,Sein,,
28,5,Sein's Brother,Appears,
28,6,Gorilla,Flashback Cameo,Kreis
28,7,Flamme,Mentioned,
28,8,Himmel,Flashback,
28,9,Heiter,Flashback,
28,10,Eisen,Flashback,
29,1,Stark,,
29,2,Frieren,,
29,3,Fern,,
29,4,Sein,,
29,5,Heiter,Flashback,
29,6,Eisen,Flashback,
29,7,Himmel,Flashback,
29,8,Goddess of Creation,Mentioned,
30,1,Accessory merchant,Debut,List of Characters/Minor#Travels to Äußerst Arc
30,2,Stark,,
30,3,Frieren,,
30,4,Fern,,
30,5,Sein,,
30,6,Eisen,Flashback,
30,7,Heiter,Flashback,
30,8,Himmel,Flashback,
31,1,Sein,,
31,2,Frieren,,
31,3,Fern,,
31,4,Stark,,
31,5,Village chief,Debut,List of Characters/Minor#Travels to Äußerst Arc
31,6,Heiter,Flashback,
31,7,Gorilla,Flashback,Kreis
31,8,Demon King,Flashback Mentioned,
32,1,Frieren,,
32,2,Fern,,
32,3,Stark,,
32,4,Sein,,
32,5,Lord Orden,Debut,List of Characters/Minor#Named Characters
32,6,Gabel,Debut,
32,7,Wirt,Flashback Debut,List of Characters/Minor#Named Characters
32,8,Mut,Debut,List of Characters/Minor#Named Characters
32,9,Stark's father,Flashback,List of Characters/Minor#Travels to Äußerst Arc
32,10,Eisen,Flashback,
33,1,Frieren,,
33,2,Fern,,
33,3,Stark,,
33,4,Sein,,
33,5,Voll,Debut,
33,6,Klar Region Villager,Debut,List of Characters/Minor#Travels to Äußerst Arc
33,7,Himmel,Flashback,
33,8,Heiter,Flashback,
33,9,Eisen,Flashback,
33,10,Voll's wife,Flashback Debut,List of Characters/Minor#Travels to Äußerst Arc
33,11,Demon King,Mentioned,
34,1,Frieren,,
34,2,Fern,,
34,3,Stark,,
34,4,Sein,,
34,5,Gorilla,Flashback Debut,Kreis
34,6,Rohr Road Villager,Debut,List of Characters/Minor#Travels to Äußerst Arc
34,7,Stubborn old woman,Debut,List of Characters/Minor#Travels to Äußerst Arc
34,8,Kraft's partner,Statue Debut,List of Characters/Minor#Travels to Äußerst Arc
34,9,Nagel,Debut,List of Characters/Minor#Travels to Äußerst Arc
34,10,Himmel,Flashback,
34,11,Heiter,Flashback,
34,12,Kraft,Flashback,
34,13,Demon King,Mentioned,
35,1,Frieren,,
35,2,Fern,,
35,3,Gorilla,Mentioned,Kreis
35,4,Stark,,
35,5,Sein,,
35,6,Rohr Road Elder,Debut,List of Characters/Minor#Travels to Äußerst Arc
35,7,Shady old man,Debut,List of Characters/Minor#Travels to Äußerst Arc
35,8,Himmel,Flashback,
35,9,Heiter,Flashback,
35,10,Eisen,Flashback,
36,1,Stark,,
36,2,Frieren,,
36,3,Fern,,
36,4,Sein,Mentioned,
36,5,Cabin owner,Debut,List of Characters/Minor#Travels to Äußerst Arc
36,6,Himmel,Flashback,
36,7,Heiter,Flashback,
36,8,Eisen,Flashback,
37,1,Frieren,,
37,2,Fern,,
37,3,Stark,,
37,4,Qual,Flashback,
37,5,Übel,Debut,
37,6,Bandits,Debut,List of Characters/Minor#First-Class Mage Exam Arc
37,7,Aura,Mentioned,
37,8,Kraft,,
37,9,CMA Receptionist,Debut,List of Characters/Minor#First-Class Mage Exam Arc
37,10,Lernen,Cameo,
37,11,Himmel,Flashback,
37,12,Heiter,Flashback,
37,13,Eisen,Flashback,
37,14,Genau,Debut,
37,15,Falsch,Cameo,
37,16,Sense,Cameo,
37,17,Wirbel,Debut,
37,18,Denken,Debut,
37,19,Lawine,Cameo,
37,20,Kanne,Cameo,
37,21,Land,Cameo,
38,1,Richter,Cameo,
38,2,Denken,,
38,3,Laufen,Cameo,
38,4,Fern,,
38,5,Land,Cameo,
38,6,Übel,,
38,7,Lawine,Debut,
38,8,Kanne,Debut,
38,9,Frieren,,
38,10,Genau,,
38,11,Heiter,Flashback,
38,12,Eisen,Flashback,
38,13,Himmel,Flashback,
39,1,Frieren,,
39,2,Lawine,,
39,3,Kanne,,
39,4,Fern,,
39,5,Übel,,
39,6,Land,Debut,
39,7,Wirbel,,
39,8,Ehre,Cameo,
39,9,Scharf,Cameo,
39,10,Party that tries to melt the lake,Debut,List of Characters/Minor#First-Class Mage Exam Arc
39,11,Edel,Cameo,
39,12,Blei,Cameo,
39,13,Dünste,Cameo,
39,14,Denken,,
39,15,Richter,Cameo,
39,16,Laufen,Cameo,
40,1,Stark,Chapter Cover,
40,2,Denken,,
40,3,Richter,Debut,
40,4,Laufen,Debut,
40,5,Edel,Cameo,
40,6,Blei,Cameo,
40,7,Dünste,Cameo,
40,8,Inexperienced party killed by Geisels,Debut,List of Characters/Minor#First-Class Mage Exam Arc
40,9,Complaining party,Debut,List of Characters/Minor#First-Class Mage Exam Arc
40,10,Genau,,
40,11,Methode,Cameo,
40,12,Länge,Cameo,
40,13,Ton,Cameo,
40,14,Lawine,,
40,15,Kanne,,
40,16,Frieren,,
40,17,Fern,,
40,18,Ehre,Cameo,
40,19,Übel,,
40,20,Wirbel,,
41,1,Stark,Chapter Cover,
41,2,Scharf,Debut,
41,3,Land,,
41,4,Ehre,Debut,
41,5,Fern,,
41,6,Lernen,Mentioned (Indirectly),
41,7,Frieren,Imagined,
41,8,Wirbel,,
41,9,Übel,,
42,1,Fern,,
42,2,Wirbel,,
42,3,Übel,,
42,4,Land,,
42,5,Scharf,,
42,6,Ehre,,
42,7,Wirbel's childhood crush,Flashback Debut,List of Characters/Minor#First-Class Mage Exam Arc
42,8,Lernen,Mentioned (Indirectly),
42,9,Laufen,,
42,10,Frieren,,
42,11,Kanne,,
42,12,Lawine,,
42,13,Denken,,
43,1,Laufen,,
43,2,Frieren,,
43,3,Lawine,,
43,4,Kanne,,
43,5,Genau,,
43,6,Sense,Debut,
43,7,Denken,,
43,8,Richter,,
43,9,Serie,Flashback Debut,
43,10,Demon King,Mentioned,
43,11,Goddess of Creation,Imagined,
43,12,Falsch,Imagined,
43,13,Flamme,Flashback,
44,1,Richter,,
44,2,Lawine,,
44,3,Kanne,,
44,4,Frieren,,
44,5,Denken,,
44,6,Genau,,
44,7,Sense,,
44,8,Serie,Mentioned,
44,9,Laufen,,
45,1,Richter,,
45,2,Lawine,,
45,3,Kanne,,
45,4,Frieren,,
45,5,Denken,,
45,6,Laufen,,
45,7,Genau,,
45,8,Sense,,
45,9,Serie,,
45,10,Land,,
45,11,Übel,,
45,12,Fern,,
45,13,Party with one member dead,Debut,List of Characters/Minor#First-Class Mage Exam Arc
45,14,Edel,Cameo,
45,15,Blei,Cameo,
45,16,Dünste,Cameo,
45,17,Wirbel,,
45,18,Ehre,,
45,19,Scharf,,
45,20,Complaining party,,List of Characters/Minor#First-Class Mage Exam Arc
45,21,Methode,Cameo,
45,22,Ton,Cameo,
45,23,Länge,Cameo,
45,24,Stark,,
45,25,Äußerst bartender,Debut,List of Characters/Minor#First-Class Mage Exam Arc
46,1,Genau,,
46,2,Methode,Debut,
46,3,Ton,Debut,
46,4,Länge,Debut,
46,5,Frieren,,
46,6,Kanne,,
46,7,Lawine,,
46,8,Fern,,
46,9,Übel,,
46,10,Land,,
46,11,Wirbel,,
46,12,Ehre,,
46,13,Scharf,,
46,14,Denken,,
46,15,Richter,,
46,16,Laufen,,
46,17,Edel,Debut,
46,18,Blei,Debut,
46,19,Dünste,Debut,
46,20,Stark,,
46,21,Old lady,Debut,List of Characters/Minor#First-Class Mage Exam Arc
46,22,Denken's wife,Mentioned,
46,23,Lecker,Flashback Debut,List of Characters/Minor#Named Characters
46,24,Himmel,Flashback,
46,25,Heiter,Flashback,
46,26,Eisen,Flashback,
47,1,Stark,,
47,2,Art of War old man,Debut,List of Characters/Minor#First-Class Mage Exam Arc
47,3,Frieren,,
47,4,Fern,,
47,5,Kanne,,
47,6,Wirbel,,
47,7,Scharf,,
47,8,No-good warrior,Debut,List of Characters/Minor#First-Class Mage Exam Arc
47,9,Lawine,,
47,10,Lawine's brothers,Flashback Debut,List of Characters/Minor#First-Class Mage Exam Arc
47,11,Lawine's mother,Flashback Debut,List of Characters/Minor#First-Class Mage Exam Arc
47,12,Himmel,Flashback,
47,13,Heiter,Flashback,
47,14,Eisen,Flashback,
47,15,Young girl Himmel helps,Flashback Debut,List of Characters/Minor#First-Class Mage Exam Arc
47,16,Denken,,
47,17,Richter,,
47,18,Laufen,,
47,19,Länge,,
47,20,Land,,
47,21,Übel,,
47,22,Edel,,
47,23,Blei,,
47,24,Dünste,,
47,25,Ton,,
47,26,Methode,,
47,27,Ehre,,
47,28,Sense,,
47,29,Genau,,
48,1,Sense,,
48,2,Frieren,,
48,3,Fern,,
48,4,Blei,,
48,5,Dünste,,
48,6,Methode,,
48,7,Länge,,
48,8,Lernen,Mentioned,
48,9,Edel,,
48,10,Land,,
48,11,Übel,,
48,12,Ehre,,
48,13,Ton,,
48,14,Laufen,,
48,15,Denken,,
48,16,Kanne,,
48,17,Lawine,,
48,18,Wirbel,,
48,19,Scharf,,
48,20,Richter,,
48,21,Himmel,Flashback,
48,22,Heiter,Flashback,
48,23,Eisen,Flashback,
49,1,Denken,,
49,2,Richter,,
49,3,Methode,,
49,4,Laufen and clone,Appears/Debut,Laufen
49,5,Länge,,
49,6,Frieren and clone,Appears/Debut,Frieren
49,7,Fern,,
49,8,Sense,,
49,9,Heiter,Flashback,
49,10,Wirbel and clone,Appears/Debut,Wirbel
49,11,Ehre and clone,Appears/Debut,Ehre
49,12,Scharf and clone,Appears/Debut,Scharf
50,1,Frieren and clone,,Frieren
50,2,Denken,,
50,3,Richter,,
50,4,Methode,,
50,5,Laufen,,
50,6,Genau,,
50,7,Falsch,Cameo,
50,8,Ewig the Sage,Imagined Debut,
50,9,Übel and clone,Appears/Debut,Übel
50,10,Land,,
50,11,Sense,,
50,12,Fern,,
51,1,Frieren and clone,,Frieren
51,2,Fern,,
51,3,Denken,,
51,4,Methode,,
51,5,Richter,,
51,6,Sense and clone,Appears/Debut,Sense
51,7,Edel,,
51,8,Dünste,,
51,9,Blei,,
51,10,Ehre,Imagined,
51,11,Kanne,Imagined,
52,1,Dünste,,
52,2,Laufen,,
52,3,Fern,,
52,4,Frieren and clone,,Frieren
52,5,Methode,,
52,6,Denken,,
52,7,Edel,Flashback,
52,8,Blei,Flashback,
52,9,Sense and clone,Appears/Flashback,Sense
52,10,Richter,,
52,11,Lawine,,
52,12,Kanne,,
52,13,CMA advance party,Debut,List of Characters/Minor#First-Class Mage Exam Arc
52,14,Heiter,Flashback,
52,15,Eisen,Flashback,
52,16,Himmel,Flashback,
53,1,Stark,Chapter Cover,
53,2,Frieren and clone,,Frieren
53,3,Fern,,
53,4,Kanne,,
53,5,Lawine,,
53,6,Denken,,
53,7,Richter,,
53,8,Methode,,
53,9,Laufen,,
53,10,Dünste,,
53,11,Serie,Flashback,
53,12,Flamme,Flashback,
53,13,Demon King,Mentioned,
54,1,Frieren and clone,,Frieren
54,2,Fern,,
54,3,Richter and clone,Appears/Debut,Richter
54,4,Lawine and clone,Appears/Debut,Lawine
54,5,Kanne and clone,Appears/Debut,Kanne
54,6,Denken,,
54,7,Methode and clone,Appears/Debut,Methode
54,8,Laufen,,
54,9,Sense and clone,,Sense
54,10,Übel,,
54,11,Land,,
54,12,Burg,Flashback Debut,
54,13,Falsch,Flashback Cameo,
54,14,Übel's sister,Flashback Debut,List of Characters/Minor#First-Class Mage Exam Arc
55,1,Wirbel and clone,,Wirbel
55,2,Methode and clone,,Methode
55,3,Scharf and clone,,Scharf
55,4,Ehre and clone,,Ehre
55,5,Frieren and clone,,Frieren
55,6,Fern and clone,Appears/Debut,Fern
55,7,Denken and clone,Appears/Debut,Denken
55,8,Land and clone,Appears/Debut,Land
55,9,Übel and clone,Appears/Reappears,Übel
55,10,Kanne and clone,Appears/Reappears,Kanne
55,11,Dünste,,
55,12,Laufen and clone,Appears/Reappears,Laufen
55,13,Ton,,
55,14,Richter and clone,,Richter
55,15,Edel,,
55,16,Lawine and clone,Appears/Reappears,Lawine
55,17,Länge,,
55,18,Blei,,
56,1,Stark,,
56,2,Art of War old man,,List of Characters/Minor#First-Class Mage Exam Arc
56,3,Fern,,
56,4,Heiter,Flashback,
56,5,Lawine,,
56,6,Kanne,,
56,7,Frieren,,
56,8,Richter,,
56,9,Denken,,
56,10,Laufen,,
56,11,Sense's clone,Flashback,Sense
56,12,Falsch,Cameo,
56,13,Wirbel,,
56,14,Scharf,,
56,15,Ehre,,
56,16,Übel,,
56,17,Land,,
56,18,Methode,,
56,19,Dünste,,
57,1,Serie,,
57,2,Sense,,
57,3,Genau,,
57,4,Falsch,Debut,
57,5,Lernen,Debut,
57,6,Demon King,Mentioned,
57,7,Frieren,,
57,8,Fern,,
57,9,Kanne,,
57,10,Dünste,,
57,11,Laufen,,
57,12,Scharf,,
57,13,Ehre,,
57,14,Himmel,Flashback,
57,15,Heiter,Flashback,
57,16,Eisen,Flashback,
57,17,Flamme,Mentioned,
58,1,Fern,,
58,2,Serie,,
58,3,Frieren,Flashback,
58,4,Denken,,
58,5,Übel,,
58,6,Land,,
58,7,Wirbel,,
58,8,Methode,,
58,9,Sense,,
58,10,Scharf,,
58,11,Ehre,,
58,12,Kanne,,
58,13,Denken's wife,Mentioned,
59,1,Fern,,
59,2,Stark,,
59,3,Laufen,,
59,4,Denken,,
59,5,Denken's wife,Flashback,
59,6,Glück,Mentioned (Indirectly),
59,7,Serie,Imagined,
59,8,Emperor,Cameo,
59,9,Frieren,,
59,10,Old woman that drops fruits,Debut,List of Characters/Minor#First-Class Mage Exam Arc
59,11,Wirbel,,
59,12,Übel,Flashback,
59,13,Böse,Imagined Debut,
59,14,Himmel,Flashback,
59,15,Heiter,Flashback,
59,16,Eisen,Flashback,
59,17,Demon that attacked Wirbel's hometown,Flashback Debut,List of Characters/Minor#First-Class Mage Exam Arc
59,18,Scharf,,
59,19,Ehre,,
59,20,Demon King,Mentioned,
60,1,Frieren,,
60,2,Fern,,
60,3,Stark,,
60,4,CMA Receptionist,,List of Characters/Minor#First-Class Mage Exam Arc
60,5,Lernen,,
60,6,Demon King,Mentioned,
60,7,Serie,Flashback,
60,8,Flamme,Mentioned,
60,9,Serie's other students,Flashback Debut,List of Characters/Minor#First-Class Mage Exam Arc
60,10,Art of War old man,,List of Characters/Minor#First-Class Mage Exam Arc
60,11,Lawine,,
60,12,Kanne,,
60,13,Sein,Mentioned,
60,14,Himmel,Flashback,
60,15,Eisen,Flashback,
60,16,Heiter,Flashback,
60,17,Traveler who was with the Hero Party for 2 weeks,Flashback Debut,List of Characters/Minor#First-Class Mage Exam Arc
60,18,Ehre,,
60,19,Wirbel,,
60,20,Scharf,,
60,21,Richter,,
60,22,Laufen,,
60,23,Denken,,
60,24,Methode,,
60,25,Länge,,
60,26,Ton,,
60,27,Übel,,
61,1,Stark,,
61,2,Fern,,
61,3,Frieren,,
61,4,Eisen,Flashback,
61,5,Himmel,Flashback,
61,6,Heiter,Flashback,
62,1,Stark,,
62,2,Frieren,,
62,3,Fern,,
62,4,Wirbel,,
62,5,Ehre,,
62,6,Scharf,,
62,7,Sein,Flashback,
63,1,Chief of Fabel Village,Debut,List of Characters/Minor#Continued Northern Travels Arc
63,2,Frieren,,
63,3,Fern,,
63,4,Stark,,
63,5,Schlacht,Imagined Debut,
63,6,Seven Sages Of Destruction,Cameo,Seven Sages of Destruction
63,7,Macht,Cameo,
63,8,Grausam,Cameo,
63,9,Aura,Imagined,
63,10,Böse,Imagined,
63,11,Hero of the South,Flashback Debut,
63,12,Heiter,Flashback,
63,13,Himmel,Flashback,
63,14,Eisen,Flashback,
63,15,Demon King,Mentioned,
64,1,Stark,,
64,2,Frieren,,
64,3,Fern,,
64,4,Graf Dach's Butler,Debut,List of Characters/Minor#Continued Northern Travels Arc
64,5,Graf Dach,Debut,
64,6,Dach's great-grandfather,Flashback Debut,List of Characters/Minor#Continued Northern Travels Arc
64,7,Eisen,Flashback,
64,8,Himmel,Flashback,
64,9,Heiter,Flashback,
64,10,The demon who previously stole Graf Dach's heirloom sword,Flashback Debut,List of Characters/Minor#Continued Northern Travels Arc
64,11,Sword demon,Debut,List of Characters/Minor#Continued Northern Travels Arc
65,1,Frieren,,
65,2,Fern,,
65,3,Stark,,
65,4,Etwas Mountains family,Debut,List of Characters/Minor#Continued Northern Travels Arc
65,5,Eisen,Flashback,
65,6,Heiter,Flashback,
65,7,Himmel,Flashback,
66,1,Frieren,,
66,2,Fern,,
66,3,Stark,,
66,4,Himmel,Flashback,
66,5,Heiter,Flashback,
66,6,Eisen,Flashback,
66,7,Bathhouse woman,Debut,List of Characters/Minor#Continued Northern Travels Arc
67,1,Fern,,
67,2,Stark,,
67,3,Frieren,,
67,4,Himmel,Mentioned,
67,5,Heiter,Mentioned,
67,6,Eisen,Flashback,
68,1,Stoltz,Chapter Cover,
68,2,Stark,,
68,3,Frieren,,
68,4,Fern,,
68,5,Northern Plateau border guard,,List of Characters/Minor#Continued Northern Travels Arc
68,6,Nachricht Region villager,,List of Characters/Minor#Continued Northern Travels Arc
68,7,Eisen,Flashback,
68,8,Heiter,Flashback,
68,9,Himmel,Flashback,
69,1,Stark,,
69,2,Fern,,
69,3,Frieren,,
69,4,Bier region tavern guests,Debut,List of Characters/Minor#Continued Northern Travels Arc
69,5,Heiter,Flashback,
69,6,Fass,Debut,
69,7,Eisen,Flashback,
69,8,Himmel,Flashback,
69,9,Demon King,Mentioned,
69,10,Milliarde,Flashback Debut,
70,1,Frieren,,
70,2,Fern,,
70,3,Stark,,
70,4,Norm,Debut,List of Characters/Minor#Named Characters
70,5,Norm Company miners,Debut,List of Characters/Minor#Continued Northern Travels Arc
70,6,Lord Norm,Flashback Debut,List of Characters/Minor#Named Characters
70,7,Goddess of Creation,Mentioned,
71,1,Rufen Region demon,,List of Characters/Minor#Divine Revolte Arc
71,2,Genau,,
71,3,Serie,Mentioned,
71,4,Baker's son,,List of Characters/Minor#Divine Revolte Arc
71,5,Methode,,
71,6,Goddess of Creation,Statue,
71,7,Frieren,,
71,8,Fern,,
71,9,Stark,,
71,10,Village garrison captain,,List of Characters/Minor#Divine Revolte Arc
72,1,Methode,,
72,2,Stark,,
72,3,Frieren,,
72,4,Fern,,
72,5,Genau,,
72,6,Serie,Flashback,
72,7,Genau's previous partner,Flashback,List of Characters/Minor#Divine Revolte Arc
72,8,Übel,Mentioned,
72,9,Eisen,Mentioned,
72,10,Young Demon,,List of Characters/Minor#Named Characters
72,11,Revolte,Debut,
73,1,Genau,,
73,2,Stark,,
73,3,Fern,,
73,4,Methode,,
73,5,Frieren,,
73,6,Serie,Flashback,
73,7,Fog Control Demon,,List of Characters/Minor#Unnamed Characters
73,8,Whirlwind Attack Demon,,List of Characters/Minor#Unnamed Characters
74,1,Fern,Chapter Cover,
74,2,Frieren,Chapter Cover,
74,3,Genau,,
74,4,Stark,,
74,5,Methode,Mentioned,
74,6,Revolte,,
74,7,Young Demon,,List of Characters/Minor#Named Characters
74,8,Genau's previous partner,Flashback,List of Characters/Minor#Divine Revolte Arc
74,9,Serie,Flashback,
75,1,Fog Control Demon,,List of Characters/Minor#Unnamed Characters
75,2,Fern,,
75,3,Frieren,,
75,4,Methode,,
75,5,Whirlwind Attack Demon,,List of Characters/Minor#Unnamed Characters
76,1,Genau,,
76,2,Stark,,
76,3,Revolte,,
76,4,Methode,,
76,5,Fern,,
76,6,Frieren,,
76,7,Sein,Flashback,
77,1,Stark,,
77,2,Fern,,
77,3,Frieren,,
77,4,Drachen Region chief,Debut,List of Characters/Minor#The Golden Land Arc
77,5,Heiter,Flashback,
77,6,Eisen,Flashback,
77,7,Himmel,Flashback,
77,8,Denken,,
77,9,Lernen,,
77,10,Edel,,
77,11,Serie,Mentioned,
77,12,Macht,Imagined Debut,
78,1,Stark,,
78,2,Fern,,
78,3,Frieren,,
78,4,Lake Korridor ferryman,Debut,List of Characters/Minor#The Golden Land Arc
78,5,Himmel,Flashback,
78,6,Eisen,Flashback,
78,7,Heiter,Flashback,
79,1,Fern,,
79,2,Stark,,
79,3,Frieren,,
79,4,Gehen,Debut,List of Characters/Minor#Named Characters
79,5,Eisen,Flashback,
79,6,Himmel,Flashback,
79,7,Heiter,Flashback,
79,8,Garrison near the Tor canyon,Flashback Debut,List of Characters/Minor#The Golden Land Arc
79,9,Great Tor canyon villager,Debut,List of Characters/Minor#The Golden Land Arc
80,1,Fern,,
80,2,Frieren,,
80,3,Stark,,
80,4,Schmal snowfield miner,Debut,List of Characters/Minor#The Golden Land Arc
80,5,Schmal snowfield adventurer,Debut,List of Characters/Minor#The Golden Land Arc
80,6,Heiter,Flashback,
80,7,Himmel,Flashback,
80,8,Eisen,Flashback,
80,9,Demon King,Mentioned,
81,1,Frieren,,
81,2,Fern,,
81,3,Stark,,
81,4,Lernen,Flashback,
81,5,Denken,,
81,6,Serie,Mentioned,
81,7,Glück,Mentioned,
81,8,Macht,Flashback,
81,9,Qual,Flashback,
81,10,Emperor,Cameo,
81,11,Denken's wife,Flashback,
81,12,Himmel,Flashback,
81,13,Heiter,Flashback,
81,14,Eisen,Flashback,
81,15,Flamme,Flashback,
82,1,Denken,,
82,2,Frieren,,
82,3,Fern,,
82,4,Stark,,
82,5,Macht,Flashback,
82,6,Sein,Flashback,
82,7,Lernen,,
82,8,Edel,,
82,9,Denken's wife,Mentioned,
83,1,Denken,,
83,2,Frieren,,
83,3,Fern,,
83,4,Stark,,
83,5,Macht,Flashback,
83,6,Serie's apprentices that sealed Macht,Imagined Debut,List of Characters/Minor#The Golden Land Arc
83,7,Edel,Flashback,
83,8,Lernen,Flashback,
83,9,Kanne,Memory,
83,10,Lawine,Memory,
83,11,Methode,Flashback,
83,12,Ewig the Sage,Mentioned,
83,13,Glück,Mentioned,
83,14,Tau,Flashback Debut,List of Characters/Minor#Named Characters
83,15,Second-class mages,Flashback Debut,List of Characters/Minor#The Golden Land Arc
83,16,Früh,Flashback Debut,List of Characters/Minor#Named Characters
84,1,Frieren,Chapter Cover,
84,2,Denken,Chapter Cover,
84,3,Lernen,Memory,
84,4,Edel,Memory,
84,5,Glück's family servant,Memory Debut,List of Characters/Minor#The Golden Land Arc
84,6,Macht,Memory,
84,7,Glück,Memory Debut,
84,8,Macht's victims in Weise,Memory Debut,List of Characters/Minor#The Golden Land Arc
85,1,Macht,Memory,
85,2,Lernen,Memory,
85,3,Edel,Memory,
85,4,Denken,,
85,5,Frieren,,
85,6,Fern,,
85,7,Stark,,
86,1,Denken,,
86,2,Frieren,,
86,3,Fern,,
86,4,Stark,,
86,5,Glück,Flashback,
86,6,Flamme,Mentioned,
86,7,Macht,,
86,8,Demon King,Mentioned,
87,1,Denken,,
87,2,Frieren,,
87,3,Fern,,
87,4,Stark,,
87,5,Glück,Flashback,
87,6,Edel,Flashback,
87,7,Macht,,
87,8,Demon King,Mentioned,
87,9,Slain priest,Memory,List of Characters/Minor#The Golden Land Arc
88,1,Macht,Memory,
88,2,Wahrheit,Memory Debut,
88,3,Solitär,Memory Debut,
88,4,Demon King,Mentioned,
88,5,Schlacht,Memory,
88,6,Hero of the South,Mentioned,
89,1,Schlacht,Memory,
89,2,Hero of the South,Mentioned,
89,3,Macht,Memory,
89,4,Demon King,Mentioned,
89,5,Grausam,Memory Debut,
89,6,Frieren,Mentioned,
89,7,Forced to fight girl,Memory Debut,List of Characters/Minor#The Golden Land Arc
89,8,Forced to fight boy,Memory Debut,List of Characters/Minor#The Golden Land Arc
90,1,Macht,Memory,
90,2,Glück,Memory,
90,3,Nobles of Weise,Memory Debut,List of Characters/Minor#The Golden Land Arc
90,4,Glück's political rival,Memory Debut,List of Characters/Minor#The Golden Land Arc
90,5,Glück's son,Memory Debut,List of Characters/Minor#The Golden Land Arc
90,6,Citizen of Weise,Memory Debut,List of Characters/Minor#The Golden Land Arc
91,1,Macht,Memory,
91,2,Glück,Memory,
91,3,Himmel,Mentioned,
91,4,Demon King,Mentioned,
91,5,Weise's council member,Memory Debut,List of Characters/Minor#The Golden Land Arc
91,6,Schräg,Memory Debut,List of Characters/Minor#Named Characters
91,7,Solitär,Flashback,
91,8,Qual,Flashback,
91,9,Lektüre,Cameo,
91,10,Denken,Memory,
92,1,Frieren,Chapter Cover,
92,2,Macht,Memory,
92,3,Denken,Memory,
92,4,Glück,Memory,
92,5,Lektüre,Memory Debut,
92,6,Solitär,Cameo,
92,7,Nobles of Weise,Mentioned,List of Characters/Minor#The Golden Land Arc
92,8,Ewig the Sage,Mentioned,
93,1,Macht,Memory,
93,2,Serie,Memory,
93,3,Apprentice with barrier magic,Memory Debut,List of Characters/Minor#The Golden Land Arc
93,4,Lernen,Memory,
93,5,Serie's apprentices that sealed Macht,Memory,List of Characters/Minor#The Golden Land Arc
93,6,Denken,,
93,7,Frieren,,
93,8,Fern,,
93,9,Stark,,
93,10,Solitär,,
94,1,Denken,,
94,2,Fern,,
94,3,Frieren,,
94,4,Stark,,
94,5,Solitär,,
94,6,Macht,,
95,1,Fern,,
95,2,Stark,,
95,3,Denken,,
95,4,Solitär,,
95,5,Macht,,
95,6,Evacuating villagers,Debut,List of Characters/Minor#The Golden Land Arc
95,7,Frieren,,
95,8,Rivale,Mentioned,
95,9,Tot,Mentioned,
96,1,Evacuating villagers,,List of Characters/Minor#The Golden Land Arc
96,2,Denken,,
96,3,Frieren,,
96,4,Macht,,
96,5,Lektüre,Flashback,
96,6,Lager,Cameo,
96,7,Neu,Cameo,
96,8,Kanone,Cameo,
96,9,Weg,Cameo,
96,10,Grau,Cameo,
96,11,Solitär,Mentioned,
96,12,Serie,Flashback,
96,13,Lernen,Flashback,
96,14,Sense,Flashback,
97,1,Fern,,
97,2,Solitär,,
97,3,Stark,,
97,4,Macht,,
97,5,Denken,,
97,6,Frieren,,
97,7,Evacuating villagers,,List of Characters/Minor#The Golden Land Arc
97,8,Aura,Imagined,
97,9,Himmel,Flashback,
97,10,Heiter,Flashback,
97,11,Eisen,Flashback,
97,12,Böse,Mentioned,
98,1,Lektüre,Dream,
98,2,Denken,,
98,3,Macht,,
98,4,Frieren,,
98,5,Solitär,,
98,6,Serie,Flashback,
98,7,Demon King,Mentioned,
98,8,Glück,Flashback,
99,1,Solitär,,
99,2,Frieren,,
99,3,Denken,Flashback,
99,4,Aura,Mentioned,
99,5,Macht,Mentioned,
99,6,Fern,Mentioned,
100,1,Frieren,,
100,2,Solitär,,
100,3,Denken,,
100,4,Macht,,
100,5,Fern,Flashback,
100,6,Richter,Flashback,
100,7,Laufen,Flashback,
101,1,Denken,,
101,2,Macht,,
101,3,Frieren,,
101,4,Solitär,,
101,5,Qual,Flashback,
101,6,Fern,Flashback,
101,7,Himmel,Mentioned,
102,1,Macht,,
102,2,Denken,,
102,3,Glück,Flashback,
102,4,Frieren,,
102,5,Solitär,,
102,6,Fern,,
102,7,Stark,,
102,8,Himmel,Flashback,
102,9,Böse,Flashback,
102,10,Eisen,Flashback,
102,11,Heiter,Flashback,
103,1,Denken,,
103,2,Macht,,
103,3,Shocked Weise's citizen,Debut,List of Characters/Minor#The Golden Land Arc
103,4,Solitär,Flashback,
103,5,Demon King,Mentioned,
103,6,Schlacht,Mentioned,
103,7,Glück,,
103,8,Weise guardsmen,Debut,List of Characters/Minor#The Golden Land Arc
104,1,Denken,,
104,2,Church Father in Weise,Debut,List of Characters/Minor#The Golden Land Arc
104,3,Glück,,
104,4,Stark,,
104,5,Fern,,
104,6,Frieren,,
104,7,Nobles of Weise,Mentioned,List of Characters/Minor#The Golden Land Arc
104,8,Glück's son,Flashback,List of Characters/Minor#The Golden Land Arc
104,9,Macht,Flashback,
104,10,Lektüre,Flashback,
104,11,Weise guardsmen,Appear,List of Characters/Minor#The Golden Land Arc
105,1,Stark,,
105,2,Frieren,,
105,3,Fern,,
105,4,Ernst Region Innkeeper,,List of Characters/Minor#Unnamed Characters
105,5,Flamme,Flashback,
106,1,Stark,,
106,2,Fern,,
106,3,Frieren,,
106,4,Wissen Mountain Herbalist,,List of Characters/Minor#Unnamed Characters
106,5,Himmel,Flashback,
106,6,Heiter,Flashback,
106,7,Eisen,Flashback,
107,1,Frieren,,
107,2,Border checkpoint guardsman,Debut,List of Characters/Minor#Goddess's Monument Arc
107,3,Stark,,
107,4,Fern,,
107,5,Macht,Mentioned,
107,6,Goddess of Creation,Imagined,
107,7,Demon King,Mentioned,
107,8,Himmel,,
107,9,Heiter,,
107,10,Eisen,,
108,1,Frieren,,
108,2,Fern,,
108,3,Stark,,
108,4,Eisen,,
108,5,Heiter,,
108,6,Himmel,,
108,7,Zart,Debut,
108,8,Grausam,Mentioned,
108,9,Flamme,Mentioned,
108,10,Demon King,Mentioned,
109,1,Himmel,,
109,2,Frieren,,
109,3,Zart,,
109,4,Eisen,,
109,5,Heiter,,
109,6,Grausam,Mentioned,
110,1,Frieren,,
110,2,Himmel,,
110,3,Eisen,,
110,4,Heiter,,
110,5,Demon King,Mentioned,
110,6,Hero of the South,Mentioned,
111,1,Heiter,,
111,2,Frieren,,
111,3,Himmel,,
111,4,Eisen,,
111,5,Fern,Flashback,
111,6,Stark,Flashback,
112,1,Frieren,,
112,2,Heiter,,
112,3,Himmel,,
112,4,Eisen,,
112,5,Goddess of Creation,Mentioned,
112,6,Demon King,Mentioned,
113,1,Himmel,,
113,2,Frieren,,
113,3,Heiter,,
113,4,Eisen,,
113,5,Monastery abbot,Debut,List of Characters/Minor#Goddess's Monument Arc
113,6,Northern Plateau villager,Debut,List of Characters/Minor#Goddess's Monument Arc
114,1,Eisen,,
114,2,Himmel,,
114,3,Heiter,,
114,4,Frieren,,
114,5,Kiesel,Debut,List of Characters/Minor#Named Characters
114,6,Aura,Flashback,
114,7,Böse,Flashback,
114,8,Goddess of Creation,Mentioned,
114,9,Demon King,Mentioned,
115,1,Himmel,,
115,2,Frieren,,
115,3,Heiter,,
115,4,Eisen,,
116,1,Fern,Chapter Cover,
116,2,Stark,Chapter Cover,
116,3,Himmel,,
116,4,Frieren,,
116,5,Heiter,,
116,6,Eisen,,
116,7,Solitär,,
116,8,Goddess of Creation,Mentioned,
116,9,Grausam,,
116,10,Rivale,Debut,
116,11,Tot,Debut,
117,1,Tot,,
117,2,Rivale,,
117,3,Grausam,,
117,4,Solitär,,
117,5,Zart,Imagined,
117,6,Demon King,Mentioned,
117,7,Schlacht,Imagined,
117,8,Heiter,,
117,9,Frieren,,
117,10,Eisen,,
117,11,Himmel,,
118,1,Grausam,,
118,2,Himmel,,
118,3,Frieren,,
118,4,Heiter,,
118,5,Rivale,,
118,6,Eisen,,
118,7,Solitär,,
118,8,Lord Norm,Dream,List of Characters/Minor#Named Characters
118,9,Voll,Dream,
119,1,Eisen,Chapter Cover,
119,2,Heiter,Chapter Cover,
119,3,Fern,,
119,4,Stark,,
119,5,Frieren,,
119,6,Unnamed Warrior,,List of Characters/Minor#Unnamed Characters
119,7,Unnamed Warrior'S Grandfather,Mentioned,List of Characters/Minor#Unnamed Characters
119,8,Himmel,Flashback,
119,9,Border checkpoint guardsman,Appear,List of Characters/Minor#Goddess's Monument Arc
120,1,Frieren,,
120,2,Fern,,
120,3,Stark,,
120,4,Bohne villager,Debut,List of Characters/Minor#Imperial Territory Travels Arc
120,5,Himmel,Flashback,
120,6,Heiter,Flashback,
120,7,Eisen,Flashback,
120,8,Story telling elder man,Debut,List of Characters/Minor#Imperial Territory Travels Arc
121,1,Frieren,,
121,2,Fern,,
121,3,Stark,,
121,4,Farbe Region villager,Debut,List of Characters/Minor#Imperial Territory Travels Arc
121,5,Slain imperial patrol,Debut,List of Characters/Minor#Imperial Territory Travels Arc
121,6,Flamme,Flashback,
122,1,Frieren,,
122,2,Fern,,
122,3,Stark,,
122,4,Armée,Debut,List of Characters/Minor#Named Characters
122,5,Flamme,Flashback,
123,1,Frieren,,
123,2,Fern,,
123,3,Stark,,
123,4,Hören Region citizen,Debut,List of Characters/Minor#Imperial Territory Travels Arc
123,5,Hören Region granny,Debut,List of Characters/Minor#Imperial Territory Travels Arc
123,6,Hören Region kid,Debut,List of Characters/Minor#Imperial Territory Travels Arc
123,7,Hören Region armorer,Debut,List of Characters/Minor#Imperial Territory Travels Arc
123,8,Hören Region tradesmen,Debut,List of Characters/Minor#Imperial Territory Travels Arc
123,9,Hören Region weapons master,Debut,List of Characters/Minor#Imperial Territory Travels Arc
123,10,Eisen,Flashback,
123,11,Heiter,Flashback,
123,12,Himmel,Flashback,
124,1,Radaal,Debut,
124,2,Radaal's wife,Debut,List of Characters/Minor#Imperial Territory Travels Arc
124,3,Frieren,,
124,4,Fern,,
124,5,Stark,,
124,6,Aufgabe Federation villager,Debut,List of Characters/Minor#Imperial Territory Travels Arc
124,7,Aufgabe Federation dad and daughter,Debut,List of Characters/Minor#Imperial Territory Travels Arc
124,8,Aufgabe Federation kids,Debut,List of Characters/Minor#Imperial Territory Travels Arc
124,9,Shadow Warriors Commanding officer,Flashback Debut,List of Characters/Minor#Imperial Territory Travels Arc
124,10,Eleven,Flashback Debut,List of Characters/Minor#Named Characters
124,11,Radaal's brother,Flashback Debut,List of Characters/Minor#Imperial Territory Travels Arc
125,1,Radaal,,
125,2,Stark,,
125,3,Fern,,
125,4,Frieren,,
125,5,Eleven,Flashback Debut,List of Characters/Minor#Named Characters
125,6,Radaal's brother,Flashback Debut,List of Characters/Minor#Imperial Territory Travels Arc
125,7,Radaal's wife,,List of Characters/Minor#Imperial Territory Travels Arc
126,1,Übel,,
126,2,Land,,
126,3,Land's grandmother,Flashback Debut,List of Characters/Minor#Foundation Festival Arc
126,4,Serie,Flashback,
126,5,Stark,,
126,6,Frieren,,
126,7,Sense,,
126,8,Falsch,,
126,9,Fern,,
126,10,Lineal,Imagined Debut,
126,11,Radaal,Flashback,
126,12,Hairstylist,,List of Characters/Minor#Foundation Festival Arc
126,13,Löwe,Cameo,
127,1,Übel,,
127,2,Land,,
127,3,Lager,Cameo,
127,4,Weg,Cameo,
127,5,Grau,Cameo,
127,6,Genau,Imagined,
127,7,Lernen,Imagined,
127,8,Falsch,Imagined,
127,9,Sense,Imagined,
127,10,Serie,Flashback,
127,11,Lineal,Flashback,
127,12,Neu,Debut,
127,13,Kanone,Debut,
127,14,Frieren,,
127,15,Fern,,
127,16,Stark,,
127,17,Löwe,Cameo,
127,18,Lehrer,Cameo,
128,1,Grau,Chapter Cover,
128,2,Lager,Chapter Cover,
128,3,Land,,
128,4,Übel,,
128,5,Neu,,
128,6,Löwe,Shadow,
128,7,Land's grandmother,Flashback,List of Characters/Minor#Foundation Festival Arc
128,8,Fräse,Cameo,
128,9,Weg,Debut,
128,10,Kanone,Mentioned,
129,1,Sense,,
129,2,Land,Mentioned,
129,3,Übel,Mentioned,
129,4,Falsch,,
129,5,Lineal,Mentioned,
129,6,Fern,,
129,7,Stark,,
129,8,Frieren,,
129,9,Flamme,Mentioned,
129,10,Fräse,Shadow,
129,11,Serie,,
129,12,Lehrer,Cameo,
129,13,Löwe,Debut,
129,14,Schritt,Debut,
129,15,Wolf,Debut,
129,16,Iris,Debut,
129,17,Routine,Debut,
129,18,Clematis,Debut,
129,19,Lore,Debut,
129,20,Wehrlos,Debut,
129,21,Gazelle,Debut,
130,1,Glück,,
130,2,Kanone,,
130,3,Emperor,Mentioned,
130,4,Nobles of Weise,Mentioned,List of Characters/Minor#The Golden Land Arc
130,5,Fräse,Flashback Debut,
130,6,Macht,Flashback,
130,7,Denken,,
130,8,Neu,,
130,9,Frieren,,
130,10,Fern,,
130,11,Stark,,
130,12,Falsch,,
130,13,Sense,,
131,1,Übel,,
131,2,Land,,
131,3,Weg,,
131,4,Sense,Mentioned,
131,5,Kanone,,
131,6,Neu,,
131,7,Fräse,Mentioned,
132,1,Stark,,
132,2,Fern,,
132,3,Frieren,,
132,4,Gazelle,,
132,5,Falsch,,
132,6,Denken,,
132,7,Routine,,
132,8,Sense,,
132,9,Serie,Mentioned,
132,10,Heiter,Mentioned,
132,11,Schritt,,
132,12,Wolf,,
132,13,Iris,,
132,14,Clematis,,
132,15,Lore,,
132,16,Wehrlos,,
132,17,Löwe,Flashback,
132,18,Kreis,Cameo,
133,1,Löwe,Flashback,
133,2,Clematis,,
133,3,Iris,,
133,4,Routine,,
133,5,Lore,,
133,6,Wolf,,
133,7,Schritt,,
133,8,Serie,Mentioned,
133,9,Sense,Pictured,
133,10,Wehrlos,,
133,11,Previous Emperor,Mentioned Debut,List of Characters/Minor#Foundation Festival Arc
133,12,Gazelle,,
133,13,Minus,Imagined Debut,
133,14,Falsch,,
133,15,Frieren,,
133,16,Fern,,
133,17,Stark,,
133,18,Himmel,Flashback,
134,1,Wehrlos,,
134,2,Clematis,,
134,3,Routine,Mentioned,
134,4,Iris,Flashback,
134,5,Lore,,
134,6,Löwe,Mentioned,
134,7,Goddess of Creation,Mentioned,
134,8,Schritt,,
134,9,Wolf,,
134,10,Gazelle,,
134,11,Stark,,
134,12,Frieren,,
134,13,Fern,,
135,1,Wehrlos,,
135,2,Clematis,,
135,3,Sein,,
135,4,Gorilla,Pictured,Kreis
135,5,Schritt,,
135,6,Gazelle,,
135,7,Wolf,,
135,8,Lore,,
135,9,Frieren,,
135,10,Fern,,
135,11,Stark,,
136,1,Frieren,,
136,2,Sein,,
136,3,Goddess of Creation,Mentioned,
136,4,Fern,,
136,5,Stark,,
136,6,Wolf,,
136,7,Gorilla,Mentioned,Kreis
136,8,Schritt,,
136,9,Lore,,
136,10,Gazelle,,
136,11,Sense,Flashback,
137,1,Fern,,
137,2,Frieren,,
137,3,Stark,,
137,4,Sein,,
137,5,Lore,,
137,6,Wolf,,
137,7,Gazelle,,
137,8,Schritt,Flashback,
137,9,Neu,,
137,10,Übel,,
137,11,Land,,
137,12,Kanone,,
137,13,Weg,,
137,14,Fräse,Mentioned,
137,15,Sense,,
137,16,Falsch,,
137,17,Minus,Imagined,
137,18,Gorilla,Mentioned,Kreis
137,19,Lineal,Mentioned,
137,20,Serie,,
137,21,Flamme,Flashback,
138,1,Löwe,Chapter Cover,
138,2,Serie,,
138,3,Falsch,,
138,4,Flamme,Flashback,
138,5,Sense,,
138,6,Land,,
138,7,Übel,,
138,8,Sein,,
138,9,Stark,,
138,10,Frieren,,
138,11,Fern,,
138,12,Previous Emperor,Imagined Debut,List of Characters/Minor#Foundation Festival Arc
138,13,Weg,,
138,14,Kanone,,
138,15,Neu,,
138,16,Fräse,Mentioned,
138,17,Clematis,Pictured,
138,18,Schritt,Pictured,
138,19,Lineal,Flashback,
138,20,Lernen,Mentioned,
138,21,Gazelle,Mentioned,
138,22,Wehrlos,Mentioned,
138,23,Gorilla,Pictured,Kreis
139,1,Sense,,
139,2,Übel,,
139,3,Fern,,
139,4,Frieren,,
139,5,Stark,,
139,6,Falsch,,
139,7,Land,,
139,8,Neu,Flashback,
139,9,Sein,,
139,10,Wehrlos,,
139,11,Kreis,,
139,12,Schritt,,
139,13,Wolf,Flashback,
139,14,Iris,,
139,15,Lore,,
139,16,Routine,,
139,17,Clematis,,
139,18,Löwe,,
139,19,Lehrer,Cameo,
139,20,Flamme,Mentioned,
139,21,Serie,Flashback,
139,22,Fräse,,
139,23,Kanone,,
140,1,Land,,
140,2,Übel,,
140,3,Falsch,,
140,4,Serie,,
140,5,Sense,,
140,6,Stark,,
140,7,Frieren,,
140,8,Fern,,
140,9,Sein,,
140,10,Wehrlos,Shadow,
140,11,Gazelle,Shadow,
140,12,Wolf,Shadow,
140,13,Schritt,Shadow,
140,14,Löwe,Shadow,
140,15,Kreis,Shadow,
140,16,Iris,Shadow,
140,17,Routine,Shadow,
140,18,Clematis,Shadow,
140,19,Emperor,Mentioned,
140,20,Land's grandmother,Mentioned,List of Characters/Minor#Foundation Festival Arc
140,21,Lernen,,
140,22,Denken,,
140,23,Glück,,
140,24,Übel's sister,Mentioned,List of Characters/Minor#First-Class Mage Exam Arc
141,1,Sense,,
141,2,Serie,,
141,3,Sein,,
141,4,Stark,,
141,5,Fern,,
141,6,Frieren,,
141,7,Schritt,Pictured,
141,8,Falsch,,
141,9,Routine,,
141,10,Iris,,
141,11,Clematis,,
141,12,Gazelle,,
141,13,Lager,Debut,
141,14,Grau,Debut,
141,15,Fräse,,
141,16,Kanone,,
141,17,Löwe,Imagined,
141,18,Lore,Flashback,
141,19,Übel,,
141,20,Land,,
142,1,Fräse,,
142,2,Emperor,Debut,
142,3,Falsch,Flashback,
142,4,Sense,Flashback,
142,5,Stark,Flashback,
142,6,Serie,Flashback,
142,7,Frieren,Flashback,
142,8,Sein,Flashback,
142,9,Fern,Flashback,
142,10,Denken,Imagined,
142,11,Land,,
142,12,Übel,,
142,13,Clematis,Flashback,
142,14,Gazelle,Flashback,
142,15,Routine,,
142,16,Iris,,
142,17,Kanone,,
143,1,Lager,Chapter Cover,
143,2,Grau,Chapter Cover,
143,3,Neu,Chapter Cover,
143,4,Weg,Chapter Cover,
143,5,Löwe,Chapter Cover,
143,6,Fern,,
143,7,Stark,,
143,8,Clematis,,
143,9,Wolf,,
143,10,Schritt,,
143,11,Gazelle,,
143,12,Kreis,Imagined,
143,13,Wehrlos,Imagined,
143,14,Lore,Flashback,
143,15,Frieren,,
143,16,Sein,,
143,17,Sense,,
143,18,Serie,,
143,19,Übel,,
143,20,Iris,,
143,21,Land,,
143,22,Routine,,
143,23,Fräse,,
143,24,Kanone,,
143,25,Falsch,,
143,26,Wirbel,Flashback,
144,1,Lager,,
144,2,Grau,,
144,3,Sense,,
144,4,Serie,,
144,5,Fräse,Imagined,
144,6,Emperor,Dream,
144,7,Flamme,Mentioned,
145,1,Denken,Imagined,
145,2,Hero of the South,Flashback,
145,3,Lernen,Flashback,
145,4,Fräse,Imagined,
145,5,Emperor,,
145,6,Sense,,
145,7,Serie,,
145,8,Kreis,,
145,9,Wehrlos,,
145,10,Falsch,,
146,1,Heiter,Chapter Cover,
146,2,Himmel,Chapter Cover,
146,3,Wehrlos,,
146,4,Kreis,,
146,5,Eisen,Flashback,
146,6,Rivale,Flashback,
146,7,Clematis,Flashback,
146,8,Löwe,Flashback,
146,9,Falsch,,
146,10,Serie,Mentioned,
146,11,Routine,Flashback,
146,12,Iris,Flashback,
146,13,Lineal,Mentioned,
146,14,Frieren,Mentioned,
146,15,Wolf,Mentioned,
147,1,Löwe,,
147,2,Lehrer,Debut,
147,3,Übel,,
147,4,Routine,,
147,5,Land,,
147,6,Iris,,
147,7,Falsch,,
147,8,Wehrlos,,
147,9,Stark,,
147,10,Sein,,
147,11,Frieren,,
147,12,Fern,,
147,13,Löwe's family,Flashback Debut,List of Characters/Minor#Foundation Festival Arc
147,14,Minus,Imagined,
147,15,Himmel,Mentioned,
